연예인,도서명,저자,출판사,출처,도서 정보,도서 이미지,연예인 이미지,코멘트
가원(미야오),고전이 답했다,,,,,,,
가을(아이브),그리고 아무도 없었다,애거서 크리스티,황금가지,https://youtube.com/shorts/RN_iYC1uocY?si=5TMgnylvjpL8DRQj,https://www.aladin.co.kr/shop/wproduct.aspx?ItemId=34986856,https://image.aladin.co.kr/product/3498/68/cover500/896017775x_1.jpg,https://ko.wikipedia.org/wiki/%EA%B0%80%EC%9D%84_(2002%EB%85%84),
경민,,,,,,,,
고민시,"첫 여름, 완주",김금희,무제,https://kr.acrofan.com/detail.php?number=381793,https://www.aladin.co.kr/shop/wproduct.aspx?ItemId=362755853,https://image.aladin.co.kr/product/36275/58/cover500/k692038832_3.jpg,,
고민시,비행운,김애란,문학과지성사,https://youtu.be/ACHy80MheCM?si=PGlpVBmGMoX8Fc8I&t=145,https://www.aladin.co.kr/shop/wproduct.aspx?ItemId=18012102,https://image.aladin.co.kr/product/1801/21/cover500/8932023158_1.jpg,,
고민시,바깥은 여름,김애란,문학동네,https://youtu.be/ACHy80MheCM?si=PGlpVBmGMoX8Fc8I&t=145,https://www.aladin.co.kr/shop/wproduct.aspx?ItemId=111454737,https://image.aladin.co.kr/product/11145/47/cover500/s532932793_1.jpg,,
고민시,소년이 온다,한강,창비,https://blog.naver.com/cine_play/223721511372,https://www.aladin.co.kr/shop/wproduct.aspx?ItemId=40869703,https://image.aladin.co.kr/product/4086/97/cover500/8936434128_2.jpg,,
고민시,작별하지 않는다,한강,문학동네,https://youtu.be/nMkgloCJoCM?si=GIEY_hE0o06qtJVQ,https://www.aladin.co.kr/shop/wproduct.aspx?ItemId=278770576,https://image.aladin.co.kr/product/27877/5/cover500/8954682154_3.jpg,,
고민시,문장 수집가 : No.1 Love Myself,아틀리에 드 에디토,어반북스,https://youtu.be/ACHy80MheCM?si=iPaMMpq-xWchIV_k&t=181,https://www.aladin.co.kr/shop/wproduct.aspx?ItemId=233451790,로드 중...,,
고민시,"칵테일, 러브, 좀비",조예은,안전가옥,https://www.instagram.com/p/DHfrdYoRVn5/,https://www.aladin.co.kr/shop/wproduct.aspx?ItemId=295437240,https://image.aladin.co.kr/product/29543/72/cover500/k502837053_1.jpg,,
고민시,아몬드,손원평,다즐링,https://www.instagram.com/p/DHfrdYoRVn5/,https://www.aladin.co.kr/shop/wproduct.aspx?ItemId=318933239,https://image.aladin.co.kr/product/31893/32/cover500/k212833749_2.jpg,,
고민시,좋은지 나쁜지 누가 아는가,류시화,더숲,https://www.instagram.com/p/DHfrdYoRVn5/,https://www.aladin.co.kr/shop/wproduct.aspx?ItemId=183901136,https://image.aladin.co.kr/product/18390/11/cover500/k652534159_1.jpg,,
고민시,우리가 겨울을 지나온 방식,문미순,나무옆의자,https://www.instagram.com/p/DHfrdYoRVn5/,https://www.aladin.co.kr/shop/wproduct.aspx?ItemId=365110884,https://image.aladin.co.kr/product/36511/8/cover500/k292039424_1.jpg,,
고민시,노르웨이의 숲,무라카미 하루키,문학동네,https://gall.dcinside.com/mgallery/board/view/?id=tbs&no=21756,https://www.aladin.co.kr/shop/wproduct.aspx?ItemId=115614994,https://image.aladin.co.kr/product/11561/49/cover500/8937434482_1.jpg,,
곽튜브,,,,,,,,
구교환,,,,,,,,
권정열 (10CM),,,,,,,,
권진아,,,,,,,,
궤도,,,,,,,,
규진,,,,,,,,
그레이,,,,,,,,
기리보이,,,,,,,,
기안84,,,,,,,,
김규빈,,,,,,,,
김다미,,,,,,,,
김대호,,,,,,,,
김민하,고양이 문,,,,,,,
김사월,비교적 낙관적인 케이스,오카다 도시키,알마,https://ch.yes24.com/article/details/81038,,,,
김사월,"아니 에르노, 마크 마리",사진의 용도,1984 Books,https://ch.yes24.com/article/details/81038,,,,
김사월,동급생,프레드 울만,열린책들,https://ch.yes24.com/article/details/81038,,,,
김사월,우는 나와 우는 우는,하은빈,동녘,https://ch.yes24.com/article/details/81038,,,,
김성철,,,,,,,,
김소현,,,,,,,,
김수현,,,,,,,,
김유정,,,,,,,,
김지웅,,,,,,,,
김지원,,,,,,,,
김채원,,,,,,,,
김태래,,,,,,,,
김태리,,,,,,,,
김한주 (실리카겔),,,,,,,,
김혜윤,,,,,,,,
나영석,,,,,,,,
남주혁,,,,,,,,
남지현,,,,,,,,
노윤서,,,,,,,,
노정의,,,,,,,,
닝닝,,,,,,,,
닝닝,달과 6펜스,서머셋 몸,민음사,,https://www.aladin.co.kr/shop/wproduct.aspx?ItemId=237763,https://image.aladin.co.kr/product/23/77/cover500/s692639624_2.jpg,,
다니엘,,,,,,,,
덱스,,,,,,,,
도겸,,,,,,,,
도영,,,,,,,,
도훈,,,,,,,,
디노,,,,,,,,
디에잇,,,,,,,,
디오,,,,,,,,
딘,,,,,,,,
랄랄,,,,,,,,
런쥔,,,,,,,,
레이,,,,,,,,
로꼬,,,,,,,,
로운,,,,,,,,
로제,,,,,,,,
류준열,,,,,,,,
리사,,,,,,,,
리즈,,,,,,,,
리키,,,,,,,,
릴리,,,,,,,,
마크,,,,,,,,
문가영,빨래하는 페미니즘,,,https://news.nate.com/view/20200520n04921,https://www.aladin.co.kr/shop/wproduct.aspx?ItemId=47297893,https://image.aladin.co.kr/product/4729/78/cover500/8937488396_1.jpg,,
문가영,페미니즘의 도전,,,https://news.nate.com/view/20200520n04921,https://www.aladin.co.kr/shop/wproduct.aspx?ItemId=291034743,https://image.aladin.co.kr/product/29103/47/cover500/k282837160_2.jpg,,
문가영,자기만의 방,,,https://news.nate.com/view/20200520n04921,https://www.aladin.co.kr/shop/wproduct.aspx?ItemId=387133153,https://image.aladin.co.kr/product/38713/31/cover500/k012137268_2.jpg,,
문가영,남자들은 자꾸 나를 가르치려 든다,리베카 솔닛,,https://news.nate.com/view/20200520n04921,https://www.aladin.co.kr/shop/wproduct.aspx?ItemId=59182114,로드 중...,,
문가영,신곡,,,https://www.chosun.com/topclass/topclass_issue/2025/11/08/B7G3BLQY4ZEGFHI5YV7UVF2NYQ/,,,,
문가영,면도날,서머싯 몸,,코스모폴리탄 기사 확인,,,,
문가영,군주론,니콜로 마키아벨리,,,,,,
문가영,논어,공자,,tvN 방송 촬영장 지참 (베타뉴스 기사 확인),,,,
미노이,,,,,,,,
미미,,,,,,,,
미연,,,,,,,,
민규,,,,,,,,
민니,,,,,,,,
민지,순수의 시대,이디스 워튼,민음사,뉴진스 'Bubble Gum' 뮤직비디오 (톱클래스 기사 확인),,,,
박건욱,,,,,,,,
박명수,,,,,,,,
박보검,수레바퀴 아래서,헤르만 헤세,문학동네,https://www.ggilbo.com/news/articleView.html?idxno=568395,,,,
박보검,당신의 이름을 지어다가 며칠은 먹었다,박준,문학동네,https://www.ggilbo.com/news/articleView.html?idxno=568395,,,,
박보검,언어의 온도,이기주,,tvN 드라마 '남자친구' 대사 인용 (파이낸셜뉴스 기사 확인),,,,
박보검,쓰기의 말들,은유,유유,JTBC '효리네 민박2' 예고편 등장 (한스경제 기사 확인),,,,
박은빈,,,,,,,,
박재범,,,,,,,,
박정민,박찬욱의 몽타주,박찬욱,마음산책,https://design.co.kr/tag/%EA%B3%A0%EB%AF%BC%EC%8B%9C,https://www.aladin.co.kr/shop/wproduct.aspx?ItemId=289077526,https://image.aladin.co.kr/product/28907/75/cover500/k592836606_2.jpg,,
박정민,류승완의 본색,류승완,마음산책,https://design.co.kr/tag/%EA%B3%A0%EB%AF%BC%EC%8B%9C,로드 중...,로드 중...,,
박정민,딸에 대하여,김혜진,민음사,https://design.co.kr/tag/%EA%B3%A0%EB%AF%BC%EC%8B%9C,https://www.aladin.co.kr/shop/wproduct.aspx?ItemId=118320946,https://image.aladin.co.kr/product/11832/9/cover500/8937473178_1.jpg,https://ko.wikipedia.org/wiki/%EB%B0%95%EC%A0%95%EB%AF%BC_(%EB%B0%B0%EC%9A%B0),
박정민,아무도 오지 않는 곳에서,천선란,허블,유튜브 책 리뷰 추천 도서 확인,,,,
박지후,,,,,,,,
박진영(갓세븐),구해줘,기욤 뮈소,밝은세상,https://m.blog.naver.com/minumworld/221299613721,https://www.aladin.co.kr/shop/wproduct.aspx?ItemId=286920811&start=pcsearch_auto,https://image.aladin.co.kr/product/28692/8/cover500/8984374393_1.jpg,,
박진영(갓세븐),인간실격,다자이 오사무,민음사,https://m.blog.naver.com/minumworld/221299613721,https://www.aladin.co.kr/shop/wproduct.aspx?ItemId=491611,로드 중...,https://ko.wikipedia.org/wiki/%EB%B0%95%EC%A7%84%EC%98%81_(1994%EB%85%84),
박진영(갓세븐),종이여자,기욤 뮈소,밝은세상,https://m.blog.naver.com/minumworld/221299613721,https://www.aladin.co.kr/shop/wproduct.aspx?ItemId=317302949&start=pcsearch_auto,https://image.aladin.co.kr/product/31730/29/cover500/898437461x_1.jpg,,
박진영(갓세븐),천 년을 같이 있어도 한 번의 이별은 있다,랠프 왈도 에머슨,나래북,https://blog.naver.com/minjeong1018/220802393160,https://www.aladin.co.kr/shop/wproduct.aspx?ItemId=26697976,,,
박진영(갓세븐),호밀밭의 파수꾼,J.D. 샐린저,민음사,https://blog.naver.com/minjeong1018/220802393160,https://www.aladin.co.kr/shop/wproduct.aspx?ItemId=308822243,로드 중...,,
박진영(갓세븐),감정 교육,귀스타브 플로베르,민음사,https://m.blog.naver.com/minumworld/221299613721,https://www.aladin.co.kr/shop/wproduct.aspx?ItemId=44294364,로드 중...,,
박진영(갓세븐),어린 왕자,생텍쥐페리,열린책들,https://m.blog.naver.com/minumworld/221299613721,https://www.aladin.co.kr/shop/wproduct.aspx?ItemId=68534943,https://image.aladin.co.kr/product/6853/49/cover500/8932917248_2.jpg,,
박진영(갓세븐),라쇼몬,아쿠타카와 류노스케,민음사,https://m.blog.naver.com/minumworld/221299613721,https://www.aladin.co.kr/shop/wproduct.aspx?ItemId=47598737,https://image.aladin.co.kr/product/4759/87/cover500/8937463261_1.jpg,,
박진영(갓세븐),무의미의 축제,밀란 쿤데라,민음사,,https://www.aladin.co.kr/shop/wproduct.aspx?ItemId=341301410,로드 중...,,
박진영(갓세븐),느림,밀란 쿤데라,민음사,,https://www.aladin.co.kr/shop/wproduct.aspx?ItemId=388319999,https://image.aladin.co.kr/product/38831/99/cover500/8937404680_1.jpg,,
박진영(갓세븐),참을 수 없는 존재의 가벼움,밀란 쿤데라,민음사,https://blog.naver.com/minjeong1018/220802393160,https://www.aladin.co.kr/shop/wproduct.aspx?ItemId=347978053,https://image.aladin.co.kr/product/34797/80/cover500/8937437562_1.jpg,,
박진영(갓세븐),미 비포 유,조조 모예스,다산책방,https://blog.naver.com/minjeong1018/220802393160,로드 중...,로드 중...,,
박진영(갓세븐),달과 6펜스,서머셋 몸,민음사,https://blog.naver.com/minjeong1018/220802393160,https://www.aladin.co.kr/shop/wproduct.aspx?ItemId=237763,로드 중...,,
박진영(갓세븐),소년이 온다,한강,창비,https://m.blog.naver.com/minumworld/221299613721,https://www.aladin.co.kr/shop/wproduct.aspx?ItemId=40869703,https://image.aladin.co.kr/product/4086/97/cover500/8936434128_2.jpg,,
박찬욱,창백한 언덕 풍경,가즈오 이시구로,민음사,https://design.co.kr/tag/%EA%B3%A0%EB%AF%BC%EC%8B%9C,https://www.aladin.co.kr/shop/wproduct.aspx?ItemId=119495024,https://image.aladin.co.kr/product/11949/50/cover500/e893749061_1.jpg,,
박찬욱,동조자,,,https://m.blog.naver.com/PostView.naver?blogId=minumworld&logNo=223482327095&navType=by,https://www.aladin.co.kr/shop/wproduct.aspx?ItemId=317718119,https://image.aladin.co.kr/product/31771/81/cover500/8937427869_1.jpg,,
박찬욱,지속의 순간들,제프 다이어,,,,,,
배이,,,,,,,,
백예린,,,,,,,,
백현,,,,,,,,
버논,,,,,,,,
변우석,,,,,,,,
뷔,말의 내공,신도현,행성비,2019년 공항 출국 사진 (폴리뉴스 기사 확인),,,,
뷔,집에 있는데도 집에 가고 싶어,권라빈,스튜디오오드리,2020년 인터뷰 언급 (스타투데이 기사 확인),,,,
비비,,,,,,,,
빈지노,,,,,,,,
빠니보틀,,,,,,,,
사이먼 도미닉,,,,,,,,
사쿠라,,,,,,,,
샘김,,,,,,,,
석매튜,,,,,,,,
선우정아,,,,,,,,
설윤,,,,,,,,
설인아,,,,,,,,
성찬(라이즈),아비투스,도리스 메르틴,,https://www.esquirekorea.co.kr/article/1873053,,,,
성찬(라이즈),자존감 수업,,,,,,,
성찬(라이즈),휴식의 말들,,,,,,,
성한빈,,,,,,,,
성현(코르티스),인간 실격,다자이 오사무,민음사,,,,,
소연,,,,,,,,
소희,,,,,,,,
손석구,,,,,,,,
송강,,,,,,,,
송중기,,,,,,,,
쇼타로,,,,,,,,
수지,,,,검색 결과에 정확한 도서 정보 없음,,,,
수호,,,,,,,,
슈가,,,,,,,,
슈화,,,,,,,,
스텔라장,,,,,,,,
승관,,,,,,,,
시온(NCT 위시),모방범,,,,,,,
신세경,,,,,,,,
신시아,아침저녁으로 읽기 위하여,블라디미르 마야콥스키 등,푸른숲,https://m.blog.naver.com/PostView.naver?blogId=minumworld&logNo=223982852500&navType=by,javascript:void(0);,#N/A,,
신시아,파쇄,,,https://m.blog.naver.com/PostView.naver?blogId=minumworld&logNo=223982852500&navType=by,https://www.aladin.co.kr/shop/wproduct.aspx?ItemId=379862004,https://image.aladin.co.kr/product/37986/20/cover500/k892034672_1.jpg,,
신시아,생물성,신해욱,민음사,https://m.blog.naver.com/PostView.naver?blogId=minumworld&logNo=223982852500&navType=by,javascript:void(0);,#N/A,,
신시아,인간실격,다자이 오사무,민음사,https://m.blog.naver.com/PostView.naver?blogId=minumworld&logNo=223982852500&navType=by,https://www.aladin.co.kr/shop/wproduct.aspx?ItemId=491611,로드 중...,,
신예은,,,,,,,,
신유,,,,,,,,
아이유,안녕이라 그랬어,김애란,문학동네,https://www.esquirekorea.co.kr/article/1888390,,,,
아이유,낙하하는 저녁,애쿠니 가오리,태일소담출판사,,https://www.aladin.co.kr/shop/wproduct.aspx?ItemId=304410489,https://image.aladin.co.kr/product/30441/4/cover500/e612530745_1.jpg,,
아이유,인간실격,다자이 오사무,민음사,,https://www.aladin.co.kr/shop/wproduct.aspx?ItemId=491611,로드 중...,,
아이유,데미안,헤르만 헤세,민음사,,https://www.aladin.co.kr/shop/wproduct.aspx?ItemId=260084,로드 중...,,
아이유,카라마조프가의 형제들,표도르 도스토예프스키,민음사,https://ch.yes24.com/Article/Details/40406,,#VALUE!,,
아이유,최선의 삶,임솔아,문학동네,https://ch.yes24.com/Article/Details/40406,https://www.aladin.co.kr/shop/wproduct.aspx?ItemId=341278022,로드 중...,,
안보현,,,,,,,,
안유진,,,,,,,,
안효섭,,,,,,,,
애쉬아일랜드,,,,,,,,
앤톤,,,,,,,,
양세찬,,,,,,,,
에스쿱스,,,,,,,,
영재,,,,,,,,
오지은,작가란 무엇인가 세트,파리리뷰 외,다른,https://ch.yes24.com/article/details/55195,,,,
요조,포옹,필립 빌랭,문학동네,https://ch.yes24.com/article/details/81121,,,,
요조,젊은 남자,아니 에르노,,https://ch.yes24.com/article/details/81121,,,,
요조,밤의 신이 내려온다,장자샹,민음사,https://ch.yes24.com/article/details/81121,,,,
우기,,,,,,,,
우원재,,,,,,,,
우지,,,,,,,,
원빈 (라이즈),,,,,,,,
원우(세븐틴),미 비포 유,조조 모예스,다산책방,https://www.esquirekorea.co.kr/article/1873053,,,,
원지안,,,,,,,,
원필(데이식스),아몬드,,,,,,,
원필(데이식스),당신이라는 보통명사,,,,,,,
원필(데이식스),너만 그런거 아니야,,,,,,,
위하준,,,,,,,,
윈터,,,,검색 결과에 정확한 도서 정보 없음,,,,
윈터,연애의 행방,히가시노 게이고,소미미디어,,,#VALUE!,,
윈터,어린이라는 세계,김소영,사계절,,https://www.aladin.co.kr/shop/wproduct.aspx?ItemId=255097575,https://image.aladin.co.kr/product/25509/75/cover500/k132633125_2.jpg,,
윈터,나의 사적인 그림,우지현,책이있는풍경,,https://www.aladin.co.kr/shop/wproduct.aspx?ItemId=163696862,https://image.aladin.co.kr/product/16369/68/cover500/k132533547_1.jpg,,
윈터,바람의 노래를 들어라,무라카미 하루키,문학사상,,,#VALUE!,,
윈터,작은 별이지만 빛나고 있어,소윤,북로망스,,,#VALUE!,,
윈터,고양이를 버리다,,비채,,,#VALUE!,,
유재석,코미디의 영광,권석,자음과모음,자음과모음 출판사 추천사 확인,https://www.aladin.co.kr/shop/wproduct.aspx?ItemId=382399309,https://image.aladin.co.kr/product/38239/93/cover500/8954473296_1.jpg,,
윤덕원(브로콜리 너마저),여름의 겨울,아들린 디외도네,아르테,https://ch.yes24.com/article/details/43678,,,,
윤덕원(브로콜리 너마저),"책, 이게 뭐라고",장강명,아르테,,,,,
윤덕원(브로콜리 너마저),소설의 첫 문장,김정선,유유,,,,,
윤덕원(브로콜리 너마저),미생물 전쟁,"아일사 와일드, 제레미 바",반니,,,,,
윤덕원(브로콜리 너마저),악마의 문장,에도가와 란포,아프로스미디어,,,,,
윤덕원(브로콜리 너마저),"위기의 지구, 물러설 곳 없는 인간",남성현,21세기 북스,,,,,
윤덕원(브로콜리 너마저),심장에 수놓은 이야기,구병모,아르테,https://ch.yes24.com/article/details/42915,https://www.aladin.co.kr/shop/wproduct.aspx?ItemId=235776777,https://image.aladin.co.kr/product/23577/67/cover500/8950986736_1.jpg,,
윤덕원(브로콜리 너마저),목성에게 고리는,김은우,재승출판,https://ch.yes24.com/article/details/42817,https://www.aladin.co.kr/shop/wproduct.aspx?ItemId=229402763,https://image.aladin.co.kr/product/22940/27/cover500/k712637260_1.jpg,,
윤덕원(브로콜리 너마저),세상을 뒤흔든 전투의 역사,유필하,들녘,https://ch.yes24.com/article/details/42680,https://www.aladin.co.kr/shop/wproduct.aspx?ItemId=168476062,로드 중...,,
윤덕원(브로콜리 너마저),"땡스 갓, 잇츠 프라이데이",심너울,안전가옥,https://ch.yes24.com/article/details/42594,https://www.aladin.co.kr/shop/wproduct.aspx?ItemId=229634746,https://image.aladin.co.kr/product/22963/47/cover500/k242637497_1.jpg,,
윤덕원(브로콜리 너마저),수치심 권하는 사회,브레네 브라운,가나출판사,https://ch.yes24.com/article/details/42478,https://www.aladin.co.kr/shop/wproduct.aspx?ItemId=201685952,https://image.aladin.co.kr/product/20168/59/cover500/895736000x_2.jpg,,
윤덕원(브로콜리 너마저),죽어 마땅한 사람들,피터 스완슨,푸른숲,https://ch.yes24.com/article/details/42361,https://www.aladin.co.kr/shop/wproduct.aspx?ItemId=86633143,https://image.aladin.co.kr/product/8663/31/cover500/s602935676_1.jpg,,
윤덕원(브로콜리 너마저),처벌 뒤에 남는 것들,임수희,오월의봄,https://ch.yes24.com/article/details/42231,로드 중...,로드 중...,,
윤덕원(브로콜리 너마저),피구왕 서영,황유미,빌리버튼,,https://www.aladin.co.kr/shop/wproduct.aspx?ItemId=184518330,https://image.aladin.co.kr/product/18451/83/cover500/ek72253483_1.jpg,,
윤덕원(브로콜리 너마저),붕대 감기,윤이형,작가정신,https://ch.yes24.com/article/details/41981,https://www.aladin.co.kr/shop/wproduct.aspx?ItemId=225071518,https://image.aladin.co.kr/product/22507/15/cover500/k402636730_1.jpg,,
윤덕원(브로콜리 너마저),세계의 호수,정용준,아르테,https://ch.yes24.com/article/details/41834,https://www.aladin.co.kr/shop/wproduct.aspx?ItemId=198322613,https://image.aladin.co.kr/product/19832/26/cover500/8950983214_2.jpg,,
윤덕원(브로콜리 너마저),인간답게 산다는 것,정약용,홍익출판사,https://ch.yes24.com/article/details/41720,로드 중...,로드 중...,,
윤덕원(브로콜리 너마저),우리가 빛의 속도로 갈 수 없다면,김초엽,허블,https://ch.yes24.com/article/details/41626,https://www.aladin.co.kr/shop/wproduct.aspx?ItemId=193591681,https://image.aladin.co.kr/product/19359/16/cover500/s722039767_1.jpg,,
윤하,,,,,,,,
은석,,,,,,,,
이도현,,,,,,,,
이무진,,,,,,,,
이상이,,,,,,,,
이서,,,,,,,,
이성경,,,,,,,,
이세영,,,,,,,,
이수현,,,,,,,,
이영지,,,,,,,,
이유미,,,,,,,,
이은지,,,,,,,,
이재욱,,,,,,,,
이정은,첫사랑,이반 투르게네프,민음사,https://m.blog.naver.com/PostView.naver?blogId=minumworld&logNo=223919357867&navType=by,https://www.aladin.co.kr/shop/wproduct.aspx?ItemId=423402,https://image.aladin.co.kr/product/42/34/cover500/s937460807_1.jpg,,
이정은,소년이 온다,한강,창비,https://m.blog.naver.com/PostView.naver?blogId=minumworld&logNo=223919357867&navType=by,https://www.aladin.co.kr/shop/wproduct.aspx?ItemId=40869703,https://image.aladin.co.kr/product/4086/97/cover500/8936434128_2.jpg,,
이정은,작별하지 않는다,한강,문학동네,https://m.blog.naver.com/PostView.naver?blogId=minumworld&logNo=223919357867&navType=by,https://www.aladin.co.kr/shop/wproduct.aspx?ItemId=278770576,https://image.aladin.co.kr/product/27877/5/cover500/8954682154_3.jpg,,
이정은,소나기,황순원,,https://m.blog.naver.com/PostView.naver?blogId=minumworld&logNo=223919357867&navType=by,https://www.aladin.co.kr/shop/wproduct.aspx?ItemId=187276,https://image.aladin.co.kr/product/18/72/cover500/8987721116_2.jpg,,
이주영,,,,,,,,
이찬혁,,,,,,,,
이청아,"꾸준히, 오래 지치지 않고",하지현,,,,,,
이청아,검은색 무색의 섬광들,알랭 바디우,,,,,,
이청아,생각을 바꾸는 생각들,비카스 샤,인플루엔셜,,https://www.aladin.co.kr/shop/wproduct.aspx?ItemId=259678556,https://image.aladin.co.kr/product/25967/85/cover500/k702733546_1.jpg,,
이하이,,,,,,,,
임시완,,,,,,,,
자이언티,,,,,,,,
장도연,,,,,,,,
장동윤,,,,,,,,
장원영,마흔에 읽는 쇼펜하우어,강용수,유노북스,https://www.chosun.com/topclass/topclass_issue/2025/11/08/B7G3BLQY4ZEGFHI5YV7UVF2NYQ/,,#VALUE!,,
장원영,초역 부처의 말,코이케 류노스케,포레스트북스,https://www.chosun.com/topclass/topclass_issue/2025/11/08/B7G3BLQY4ZEGFHI5YV7UVF2NYQ/,,,,
장하오,,,,,,,,
재민(NCT 드림),경제금융용어 700선,,,https://www.esquirekorea.co.kr/article/1863487,,,,
재민(NCT 드림),자존감 수업,,,https://www.esquirekorea.co.kr/article/1863487,,,,
주연(더보이즈),크눌프,헤르만 헤세,,https://www.esquirekorea.co.kr/article/1863487,,,,
재현(NCT),끌림,이병률,,,,,,
쟈니,,,,,,,,
적재,,,,,,,,
전여빈,,,,,,,,
전여빈,좋은지 나쁜지 누가 아는가,류시화,더숲,https://www.instagram.com/p/DHfrdYoRVn5/,https://www.aladin.co.kr/shop/wproduct.aspx?ItemId=183901136,https://image.aladin.co.kr/product/18390/11/cover500/k652534159_1.jpg,,
전여빈,아침의 피아노,김진영,,https://m.blog.naver.com/PostView.naver?blogId=minumworld&logNo=224135162435&navType=by,로드 중...,로드 중...,,
전여빈,이어령의 마지막 수업,김지수,,https://m.blog.naver.com/PostView.naver?blogId=minumworld&logNo=224135162435&navType=by,https://www.aladin.co.kr/shop/wproduct.aspx?ItemId=282121049,https://image.aladin.co.kr/product/28212/10/cover500/k762835176_3.jpg,,
전현무,,,,,,,,
정국,나는 나로 살기로 했다,김수현,클레이하우스,방탄소년단 '본보야지' 방송 (문화뉴스 기사 확인),로드 중...,로드 중...,,
정국,애쓰지 않고 편안하게,김수현,다산책방,이데일리 기사 작가 인터뷰 확인,https://www.aladin.co.kr/shop/wproduct.aspx?ItemId=281703533,https://image.aladin.co.kr/product/28170/35/cover500/k682835560_2.jpg,,
정소민,,,,,,,,
정승환,,,,,,,,
정우,,,,,,,,
정은채,아낌없이 주는 나무,쉘 실버스타인,,https://m.blog.naver.com/PostView.naver?blogId=minumworld&logNo=223699019034&navType=by,https://www.aladin.co.kr/shop/wproduct.aspx?ItemId=103017244,https://image.aladin.co.kr/product/10301/72/cover500/8952783484_2.jpg,,
정은채,H마트에서 울다,미셸 자우너,,https://m.blog.naver.com/PostView.naver?blogId=minumworld&logNo=223699019034&navType=by,https://www.aladin.co.kr/shop/wproduct.aspx?ItemId=289621076,로드 중...,,
정은채,이어령의 마지막 수업,김지수,,https://m.blog.naver.com/PostView.naver?blogId=minumworld&logNo=223699019034&navType=by,https://www.aladin.co.kr/shop/wproduct.aspx?ItemId=282121049,https://image.aladin.co.kr/product/28212/10/cover500/k762835176_3.jpg,,
정인지,다정소감,김혼비,안온북스,https://ch.yes24.com/article/details/55443,,,https://ko.wikipedia.org/wiki/%EC%A0%95%EC%9D%B8%EC%A7%80_(%EB%B0%B0%EC%9A%B0),
정인지,다 하지 못한 말,임경선,토스트,https://ch.yes24.com/article/details/55443,,,,
정한,,,,,,,,
정해인,,,,,,,,
정호연,,,,,,,,
제노,,,,,,,,
제니,,,,,,,,
제이홉,,,,,,,,
조세호,,,,,,,,
조수민,,,,,,,,
조슈아,,,,,,,,
조이현,,,,,,,,
조휴일(검정치마),노르웨이의 숲,무라카미 하루키,문학동네,https://gall.dcinside.com/mgallery/board/view/?id=tbs&no=21756,https://www.aladin.co.kr/shop/wproduct.aspx?ItemId=115614994,https://image.aladin.co.kr/product/11561/49/cover500/8937434482_1.jpg,,
주우재,,,,,,,,
준,,,,,,,,
지민,,,,,,,,
지성,,,,,,,,
지수,,,,검색 결과에 정확한 도서 정보 없음,,,,
지우,,,,,,,,
지젤,,,,,,,,
지젤,지금 알고 있는 걸 그때도 알았더라면,류시화,,,https://www.aladin.co.kr/shop/wproduct.aspx?ItemId=137447,https://image.aladin.co.kr/product/13/74/cover500/8970631577_1.jpg,https://ko.wikipedia.org/wiki/%EC%A7%80%EC%A0%A4_(%EA%B0%80%EC%88%98),
지코,,,,,,,,
지훈,,,,,,,,
진,,,,,,,,
차은우,미 비포 유,조조 모예스,다산책방,예스24 아티스트 추천 확인,,,,
차은우,찌그러져도 동그라미입니다,김창완,,유튜브 가방 공개 도서 언급 확인,,,,
창모,,,,,,,,
채종협,,,,,,,,
천러,,,,,,,,
천우희,,,,,,,,
최강창민,여행의 이유,김영하,복복서가,https://www.elle.co.kr/article/42162?utm_source=twitter&utm_medium=other&utm_campaign=twitter,https://www.aladin.co.kr/shop/wproduct.aspx?ItemId=337633173,로드 중...,,
최강창민,90년생이 온다,임홍택,도서출판11%,https://www.instagram.com/p/B0zf5yzgzKN/,https://www.aladin.co.kr/shop/wproduct.aspx?ItemId=337306986,https://image.aladin.co.kr/product/33730/69/cover500/k082939640_1.jpg,,
최강창민,말의 품격,이기주,황소자리,https://www.elle.co.kr/article/42162?utm_source=twitter&utm_medium=other&utm_campaign=twitter,https://www.aladin.co.kr/shop/wproduct.aspx?ItemId=340479968,https://image.aladin.co.kr/product/34047/99/cover500/8997092774_3.jpg,,
최강창민,도시는 무엇으로 사는가,유현준,을유문화사,https://dingziiiiii.tistory.com/78,https://www.aladin.co.kr/shop/wproduct.aspx?ItemId=388302505,로드 중...,,
최강창민,음식이 상식이다,윤덕노,더난,https://dingziiiiii.tistory.com/78,https://www.aladin.co.kr/shop/wproduct.aspx?ItemId=68977433,https://image.aladin.co.kr/product/6897/74/cover500/8984058300_1.jpg,,
최강창민,혐오표현 자유는 어떻게 해악이 되는가,제러미 월드론,이후,https://dingziiiiii.tistory.com/78,https://www.aladin.co.kr/shop/wproduct.aspx?ItemId=106799881,https://image.aladin.co.kr/product/10679/98/cover500/8961570900_1.jpg,,
최강창민,철학이 필요한 시간,강신주,사계절,https://dingziiiiii.tistory.com/78,https://www.aladin.co.kr/shop/wproduct.aspx?ItemId=8728380,로드 중...,,
최강창민,팩트풀니스,한스 로슬링,김영사,https://www.instagram.com/p/B4d_aerAr7d/,https://www.aladin.co.kr/shop/wproduct.aspx?ItemId=345384332,https://image.aladin.co.kr/product/34538/43/cover500/8934933879_1.jpg,,
최강창민,"다시 태어난다면, 한국에서 살겠습니까",이재열,21세기북스,https://www.instagram.com/p/B2snnnYga17/,https://www.aladin.co.kr/shop/wproduct.aspx?ItemId=191829725,https://image.aladin.co.kr/product/19182/97/cover500/8950981165_1.jpg,,
최강창민,퇴근길 인문학수업,백상경제연구원,한빛비즈,https://www.instagram.com/p/Bx0tEumg7sN/,https://www.aladin.co.kr/shop/wproduct.aspx?ItemId=209462837,https://image.aladin.co.kr/product/20946/28/cover500/k252636271_1.jpg,,
최강창민,멋진 신세계,올더스 헉슬리,소담출판사,https://www.instagram.com/p/Bphjg43gB8T/,https://www.aladin.co.kr/shop/wproduct.aspx?ItemId=60836103,https://image.aladin.co.kr/product/6083/61/cover500/8973814729_2.jpg,,
최강창민,열두 발자국,정재승,어크로스,https://www.instagram.com/p/Bn1R0_ql-gl/,https://www.aladin.co.kr/shop/wproduct.aspx?ItemId=308906700,https://image.aladin.co.kr/product/30890/67/cover500/k582831387_2.jpg,,
최강창민,지적 자본론,마스다 무네아시,민음사,https://www.instagram.com/p/BnQ8MMjFWsw/,https://www.aladin.co.kr/shop/wproduct.aspx?ItemId=69329088,https://image.aladin.co.kr/product/6932/90/cover500/8937432234_1.jpg,,
최강창민,살며 사랑하며 배우며,레오 버스카글리아,홍익출판사,https://www.instagram.com/p/Blpw7pVFoYH/,https://www.aladin.co.kr/shop/wproduct.aspx?ItemId=316429984,https://image.aladin.co.kr/product/31642/99/cover500/k512833373_1.jpg,,
최강창민,넛지,리처드 탈러,리더스북,https://www.instagram.com/p/Bj8BfsTlXmC/,https://www.aladin.co.kr/shop/wproduct.aspx?ItemId=296614068,로드 중...,,
최우식,,,,,,,,
최정훈 (잔나비),,,,,,,,
치즈,,,,,,,,
침착맨,,,,,,,,
카더가든,,,,,,,,
카리나(에스파),사서함 110호의 우편물,,,https://www.esquirekorea.co.kr/article/1895614,,,,
카리나(에스파),밝은 밤,최은영,,https://www.esquirekorea.co.kr/article/1895614,,,,
카리나(에스파),쇼코의 미소,최은영,,https://www.esquirekorea.co.kr/article/1895614,,,,
카리나(에스파),보건교사 안은영,정세랑,민음사,원본 시트,https://www.aladin.co.kr/shop/wproduct.aspx?ItemId=251281173,로드 중...,https://ko.wikipedia.org/wiki/%EC%B9%B4%EB%A6%AC%EB%82%98_(%EA%B0%80%EC%88%98),
카리나(에스파),낯선 행성,네이선 파일,,,,,,
카리나(에스파),서머싯 몸,달과 6펜스,민음사,,,,,
카리나(에스파),내게 무해한 사람,,문학동네,,,,,
카이,,,,,,,,
카즈하,,,,,,,,
크러쉬,,,,,,,,
키드밀리,,,,,,,,
태연,,,,,,,,
태용,,,,,,,,
페이커,이기적 유전자,리처드 도킨스,,https://www.chosun.com/topclass/topclass_issue/2025/11/08/B7G3BLQY4ZEGFHI5YV7UVF2NYQ/,,,,
페이커,정의란 무엇인가,마이클 샌델,,https://www.chosun.com/topclass/topclass_issue/2025/11/08/B7G3BLQY4ZEGFHI5YV7UVF2NYQ/,,,,
페이커,내면소통,김주환,,https://www.chosun.com/topclass/topclass_issue/2025/11/08/B7G3BLQY4ZEGFHI5YV7UVF2NYQ/,,,,
페이커,,,,,,,,
페이커,침묵의 봄,,,,,,,
페이커,1Q84,무라카미 하루키,문학동네,,,,,
페이커,월든,헨리 데이비드 소로,,,,,,
폴킴,,,,,,,,
풍자,,,,,,,,
하니,,,,,,,,
한소희,불안의 서,페르난두 페소아,봄날의책,,,,,
한유진,,,,,,,,
한지민,,,,,,,,
한진,,,,,,,,
해린,,,,,,,,
해원,,,,,,,,
해찬,,,,,,,,
허윤진,해가 지는 곳으로,최진영,문학동네,MBC 전지적 참견 시점 및 보그 코리아 기사 확인,,,,
허윤진,다른 방식으로 보기,존 버거,열화당,MBC 전지적 참견 시점 및 보그 코리아 기사 확인,,,,
허윤진,젖과 알,가와카미 미에코,,https://www.esquirekorea.co.kr/article/1863487,,,,
허윤진,사랑에 대해 내가 아는 모든 것,돌리 앨더튼,윌북,보그 코리아 기사 확인,https://www.aladin.co.kr/shop/wproduct.aspx?ItemId=349176987,https://image.aladin.co.kr/product/34917/69/cover500/k572933255_2.jpg,,
허윤진,세상을 어떻게 이해할 것인가,프리드리히 니체,해누리기획,보그 코리아 기사 확인,,,,
혜인,,,,,,,,
호시,,,,,,,,
홍경,나목,박완서,,,,,,
홍경,작별하지 않는다,한강,,,,,,
홍은채,,,,,,,,
홍진경,,,,,,,,
황민현,,,,,,,,
RM(BTS),페스트,알베르 카뮈,,https://www.esquirekorea.co.kr/article/1896513,,,,
RM(BTS),언어의 무게,페터 비에리,,https://www.esquirekorea.co.kr/article/1863487,,,,
RM(BTS),공감의 배신,폴 블룸,시공사,https://www.esquirekorea.co.kr/article/1896513,,,,
RM(BTS),피로사회,한병철,문학과지성사,https://www.esquirekorea.co.kr/article/1896513,,,,
RM(BTS),방구석 미술관,조원재,,https://www.hairmagazine.co.kr/html/nice_tip/HTML/nice_tip_view.php?idx_num=5579&g=60/,,,,
RM(BTS),요절,조용훈,,https://www.hairmagazine.co.kr/html/nice_tip/HTML/nice_tip_view.php?idx_num=5579&g=60/,,,,
가을(아이브),위저드 베이커리,구병모,,https://youtu.be/5yOKb_8-yT8,,,,
가을(아이브),운다고 달라지는 것은 아무것도 없겠지만 ,박준,,https://youtu.be/5yOKb_8-yT8,,,,
가을(아이브),행복해지는 일에 게으름 피우지 않기로 해요,김혜준,,https://youtu.be/5yOKb_8-yT8,,,,
가을(아이브),양들의 침묵,토마스 헤리스,,https://youtu.be/5yOKb_8-yT8,,,,
가을(아이브),살인자의 기억법,김영하,,https://youtu.be/5yOKb_8-yT8,,,,
가을(아이브),수확자,닐 셔스터먼,열린책들,https://youtu.be/5yOKb_8-yT8,,,,
가을(아이브),셜록 홈즈 전집,,,,,,,
가을(아이브),군주론,,,,,,,
가을(아이브),인구론,,,,,,,
가을(아이브),소년이 온다,한강,창비,,,,,
가을(아이브),스노볼,박소영,,https://www.esquirekorea.co.kr/article/1878776,,,,
지훈(TWS),오베라는 남자,프레드릭 배크만,,,,,,
테오(P1하모니),급류,정대건,민음사,,,,,
한소희 ,애도 일기,,,https://www.esquirekorea.co.kr/article/82264,,,,
주연(더보이즈),개밥바라기별,황석영,,https://www.esquirekorea.co.kr/article/1875667,,,,
손종원,호밀밭의 파수꾼,,,https://www.harpersbazaar.co.kr/article/1894892,,,,
손종원,크리스마스 캐럴,찰스 디킨스,,https://www.youtube.com/shorts/VBHN2LYI_nc,,,,
손종원,콜레라 시대의 사랑,가브리엘 가르시아 마르케스,,https://www.youtube.com/watch?v=-YJOwitmz40,,,,